,features,importance_vals
344,R-HSA-5633008,0.02275398497780164
920,R-HSA-177243,0.020685117660711207
284,R-HSA-9639288,0.020475859753787518
942,R-HSA-179409,0.02003869284526445
256,R-HSA-114608,0.01988354356144555
914,R-HSA-168274,0.01957308528071735
902,R-HSA-211945,0.019440481191850267
204,R-HSA-9007101,0.01834924811652551
490,R-HSA-6781827,0.01806280886909614
953,R-HSA-5689896,0.017686725268140434
187,R-HSA-5633007,0.01703414225121378
595,R-HSA-9696270,0.016706342222945144
486,R-HSA-5696394,0.016204005177132785
526,R-HSA-187687,0.01613190273443858
616,R-HSA-69205,0.015986187287489885
905,R-HSA-5668599,0.015596014230201643
636,R-HSA-156711,0.015570881590247155
324,R-HSA-9648025,0.015554202162699463
930,R-HSA-5619107,0.01547985098247106
767,R-HSA-6814122,0.015474962800120314
345,R-HSA-6803204,0.015266541145198669
896,R-HSA-1660662,0.015203949013569702
581,R-HSA-191859,0.015125234193692449
65,R-HSA-73928,0.014856682089157403
544,R-HSA-168638,0.01474077999785853
789,R-HSA-445717,0.014729586963464195
391,R-HSA-9709603,0.01431248775528123
1256,R-HSA-549132,0.014159032780056199
141,R-HSA-8856688,0.014068663655780255
523,R-HSA-9768919,0.013922164984008608
384,R-HSA-9675136,0.013882348558399826
341,R-HSA-111471,0.013779697520658375
710,R-HSA-5607764,0.013755080174693528
42,R-HSA-72312,0.013698131586716044
359,R-HSA-1660499,0.013595724292099477
890,R-HSA-69273,0.01349668083906484
1043,R-HSA-9033658,0.013473070715554059
188,R-HSA-5674400,0.013330838167651867
1097,R-HSA-163615,0.013230720833720018
799,R-HSA-8852276,0.01316340007664015
422,R-HSA-1461973,0.013158132528769784
776,R-HSA-991365,0.013124856286837409
388,R-HSA-9704331,0.013079652927505474
639,R-HSA-2173796,0.013061905186623335
959,R-HSA-69563,0.012696981659003844
760,R-HSA-111885,0.012690751370973885
630,R-HSA-112310,0.012593801176020254
525,R-HSA-9818027,0.012490239535691217
778,R-HSA-4086398,0.012385235883994029
14,R-HSA-8956319,0.012377898162230849
333,R-HSA-76009,0.012364579727485154
667,R-HSA-9694635,0.012352848149748751
1149,R-HSA-5576893,0.01224595197175707
315,R-HSA-141424,0.012158072790286193
91,R-HSA-5685938,0.012113190080951124
171,R-HSA-210745,0.012072531234783431
508,R-HSA-381340,0.01205246601991045
911,R-HSA-159234,0.01201608475142469
886,R-HSA-2691230,0.012009943781110147
513,R-HSA-9012852,0.011949934880249202
719,R-HSA-453276,0.011940737348049879
1001,R-HSA-442742,0.01192188918357715
1260,R-HSA-389977,0.01188308314109842
649,R-HSA-1362300,0.011882618746797864
686,R-HSA-168138,0.011831511929631233
697,R-HSA-9609690,0.011813766773169239
58,R-HSA-70326,0.011805029545575963
806,R-HSA-5610780,0.01175958295352757
1011,R-HSA-9725371,0.01171285502326403
718,R-HSA-176408,0.011682583201521386
5,R-HSA-1483166,0.01165286719527406
922,R-HSA-180910,0.0116492287934913
451,R-HSA-6804115,0.01154680095975588
493,R-HSA-1368108,0.011473971396723452
1108,R-HSA-2024101,0.011374003370292485
68,R-HSA-9675135,0.011362421524245292
913,R-HSA-168271,0.011319014926751454
888,R-HSA-2979096,0.011206297040916979
558,R-HSA-5637812,0.011189325464268525
269,R-HSA-390918,0.01118251908919774
446,R-HSA-5675482,0.011146809777710587
71,R-HSA-5674135,0.011133196403776916
408,R-HSA-2454202,0.011059288044149677
1130,R-HSA-9022692,0.011012273957021534
366,R-HSA-3108232,0.011009537056088448
844,R-HSA-774815,0.011007089889608324
944,R-HSA-5223345,0.010994288907386362
377,R-HSA-6796648,0.010986951785162092
503,R-HSA-2894858,0.010927695477342543
879,R-HSA-8943724,0.010926295743168642
823,R-HSA-9664565,0.0108764607924968
529,R-HSA-9006335,0.010793158918386326
78,R-HSA-6802955,0.010766909125959501
1153,R-HSA-2022870,0.010761293194567164
1012,R-HSA-983170,0.010683928533399011
143,R-HSA-381038,0.010678785600854704
980,R-HSA-8950505,0.010665029179654084
374,R-HSA-5693579,0.010658539418363944
904,R-HSA-6799198,0.010633520145590106
387,R-HSA-9701193,0.010612986904258529
863,R-HSA-6806667,0.010511296809030075
36,R-HSA-450513,0.010460408156116803
597,R-HSA-429958,0.01045095022394283
494,R-HSA-168928,0.010447049379581585
112,R-HSA-171306,0.01044267657562159
1177,R-HSA-2022090,0.010332436746102758
1165,R-HSA-3560801,0.010296127469822143
414,R-HSA-5603041,0.010275609694266072
304,R-HSA-1912422,0.010259752332543334
185,R-HSA-5357801,0.010257499729777918
161,R-HSA-114452,0.010238588288969671
316,R-HSA-141444,0.010201707854866982
1052,R-HSA-937072,0.010194396049094697
1096,R-HSA-1489509,0.010181152186123654
969,R-HSA-6811436,0.010165338134781148
620,R-HSA-5696400,0.01014515490969643
228,R-HSA-69275,0.010138515321887098
704,R-HSA-5635838,0.010133682443605114
842,R-HSA-68875,0.01012755009578541
687,R-HSA-168142,0.01006864911566178
579,R-HSA-6784531,0.010055555182043463
6,R-HSA-1483206,0.00999753264671502
372,R-HSA-5693568,0.009928397973999381
151,R-HSA-5620920,0.009923214824326957
819,R-HSA-5654716,0.009814462806874265
56,R-HSA-9013407,0.009801120739333176
604,R-HSA-5696397,0.0097569382788303
1046,R-HSA-975577,0.009726002515526489
145,R-HSA-381119,0.009719094106306633
700,R-HSA-975871,0.00971894091538464
606,R-HSA-69183,0.009675659549733004
716,R-HSA-174113,0.009670973347965628
892,R-HSA-1834941,0.009669470881150725
517,R-HSA-933541,0.009658379033983996
247,R-HSA-194068,0.009653924102894961
1037,R-HSA-1638074,0.009642616832085575
406,R-HSA-2172127,0.009590561944060027
455,R-HSA-196807,0.00958625452282528
852,R-HSA-112409,0.009561395400669425
172,R-HSA-2219528,0.009553906156603868
342,R-HSA-5218859,0.009540683700470254
926,R-HSA-3301854,0.00952381140862902
215,R-HSA-75955,0.009510470794824262
1103,R-HSA-156590,0.009482759342608916
120,R-HSA-2559586,0.009455348318442702
975,R-HSA-264642,0.009443055559434773
279,R-HSA-936837,0.009402777850239848
476,R-HSA-9013406,0.009398957871470277
25,R-HSA-1989781,0.009397861175239086
1019,R-HSA-201451,0.009381888232504328
402,R-HSA-168179,0.00936846473099043
794,R-HSA-9717207,0.009352760369074531
108,R-HSA-1221632,0.00934212772990577
16,R-HSA-8978868,0.00931460433639586
720,R-HSA-456926,0.009312238266769175
791,R-HSA-500657,0.00922743456515794
454,R-HSA-201556,0.009214907512553812
907,R-HSA-1169408,0.009177730108300844
932,R-HSA-445989,0.00914132696634624
1099,R-HSA-379724,0.009132696958840825
349,R-HSA-193704,0.009127478677934656
95,R-HSA-5693567,0.009125429939012974
1137,R-HSA-5205685,0.009119679501842863
1033,R-HSA-5654719,0.009114378228938827
382,R-HSA-8953750,0.009111505096855883
1015,R-HSA-5358346,0.009110467974096537
158,R-HSA-109704,0.00909892762817132
259,R-HSA-9748787,0.009095491123540947
1190,R-HSA-70268,0.009075202607588533
32,R-HSA-1660661,0.009071436429318661
825,R-HSA-451927,0.00905305688502267
395,R-HSA-76071,0.009035039821173995
811,R-HSA-1227990,0.009014927574510997
1242,R-HSA-5576886,0.008996866063292449
883,R-HSA-9664424,0.008981151808984577
28,R-HSA-9619665,0.0089792671535785
1127,R-HSA-9018677,0.008932218217523769
273,R-HSA-917937,0.008906615737942047
138,R-HSA-6807878,0.00890164603285181
113,R-HSA-171319,0.008896177308633924
609,R-HSA-69239,0.008895760413724928
101,R-HSA-8939236,0.008894449988535296
283,R-HSA-917977,0.00884015202173032
439,R-HSA-73856,0.008830548976159964
763,R-HSA-202040,0.008775099654061098
839,R-HSA-606279,0.008739180331273626
1004,R-HSA-169911,0.008734540571458638
1028,R-HSA-5654699,0.00873346352354929
1082,R-HSA-438066,0.008731521236283395
856,R-HSA-9020591,0.008729768831593295
33,R-HSA-428157,0.008719312533503398
240,R-HSA-427413,0.008712634906017532
618,R-HSA-110314,0.008703606195437412
22,R-HSA-9033241,0.008697878449068715
615,R-HSA-113510,0.008669452605924258
29,R-HSA-75105,0.00863823143299669
1120,R-HSA-9687136,0.008632337480473021
976,R-HSA-373760,0.008594569562107305
712,R-HSA-5684264,0.008585175562681494
996,R-HSA-73980,0.008569998969323932
1220,R-HSA-139853,0.008528023838880471
270,R-HSA-9603798,0.00852519366017077
403,R-HSA-168188,0.008511484573440005
575,R-HSA-176187,0.008503456071169542
638,R-HSA-198725,0.008501492866586583
701,R-HSA-447115,0.008498897839065952
82,R-HSA-8949215,0.008479960970968628
1250,R-HSA-69613,0.008471381679798166
1125,R-HSA-8963889,0.008461590631244083
433,R-HSA-5621481,0.008451948373112828
475,R-HSA-5689880,0.008425550919491797
295,R-HSA-9006936,0.008425183210056275
964,R-HSA-388844,0.008423703006701543
45,R-HSA-1852241,0.00840525209059706
1181,R-HSA-3000157,0.008389318332774565
642,R-HSA-8941858,0.008380370816060653
740,R-HSA-9022699,0.008379767105604211
385,R-HSA-9701190,0.008375629447012518
790,R-HSA-451326,0.008360576884297189
1056,R-HSA-5368287,0.00834326478652656
294,R-HSA-2173795,0.00833626438494927
509,R-HSA-3899300,0.008323472047535082
1199,R-HSA-72613,0.00832330020881879
599,R-HSA-6794361,0.008315596745039027
940,R-HSA-176409,0.00831431463205566
1232,R-HSA-5368286,0.008312259899685159
694,R-HSA-450294,0.008310700940880149
328,R-HSA-9035034,0.008290371648035944
538,R-HSA-167242,0.008247828237169111
676,R-HSA-73776,0.00823160265184318
412,R-HSA-5602358,0.008215885376557708
456,R-HSA-180534,0.008208398868252214
245,R-HSA-192105,0.008181532199766176
327,R-HSA-9013404,0.00816833907883847
219,R-HSA-2565942,0.008159762277985767
89,R-HSA-525793,0.008153502953549226
80,R-HSA-9649948,0.00812865598903348
478,R-HSA-9613829,0.008105068079551832
434,R-HSA-5357905,0.008097365364665165
500,R-HSA-2644602,0.008085543006503333
1218,R-HSA-8935690,0.008075108099728823
836,R-HSA-5578749,0.00807475186108301
57,R-HSA-70171,0.008074289793148637
711,R-HSA-5676590,0.008065858204402806
660,R-HSA-3928665,0.008064229980421563
472,R-HSA-5339562,0.00804700085039561
149,R-HSA-425407,0.008038836061799278
1229,R-HSA-1482922,0.008027117307453107
117,R-HSA-174437,0.007993286117562092
910,R-HSA-159231,0.007984838921887179
1136,R-HSA-3000178,0.007979804859496653
650,R-HSA-1538133,0.007969313643116038
1186,R-HSA-211935,0.007963137723466691
535,R-HSA-167172,0.007947492035600589
755,R-HSA-9670439,0.007936848746612667
1042,R-HSA-3560782,0.007927514103293258
592,R-HSA-9013420,0.007915669584569211
293,R-HSA-2173793,0.007911136593126382
743,R-HSA-5205647,0.007843910269972791
1022,R-HSA-4641257,0.007821119925938546
827,R-HSA-9674555,0.007811190218975147
761,R-HSA-112040,0.00780484511439378
1210,R-HSA-5654219,0.0078029623517068105
260,R-HSA-1630316,0.0077855375090924404
430,R-HSA-9706369,0.007776396105570408
655,R-HSA-9687139,0.007774404855445028
460,R-HSA-449836,0.007771664120567342
305,R-HSA-9675126,0.007764049790178736
276,R-HSA-163200,0.007758148796710884
206,R-HSA-9607240,0.0077462971520920595
225,R-HSA-453274,0.007734580308897421
963,R-HSA-9615017,0.007709135109325871
1039,R-HSA-913709,0.0076585658166247106
709,R-HSA-5607761,0.007654725682611266
1057,R-HSA-5389840,0.0076359600643627346
1254,R-HSA-352230,0.007631823692160348
555,R-HSA-182971,0.007629938590495536
286,R-HSA-162906,0.007622432122783115
311,R-HSA-512988,0.007620613176065187
445,R-HSA-5357769,0.007593446605217953
1072,R-HSA-445355,0.007572815120996287
793,R-HSA-9717189,0.007552588521502912
916,R-HSA-168325,0.007549416909265953
631,R-HSA-112315,0.007523314429757496
229,R-HSA-8854518,0.007521164900875495
983,R-HSA-114508,0.007510505618605142
688,R-HSA-168164,0.007501756275693576
750,R-HSA-399954,0.007494783753039276
866,R-HSA-4641262,0.0074877199484035374
1252,R-HSA-156902,0.007486476957516667
682,R-HSA-76042,0.007485052081756293
175,R-HSA-2428928,0.007448403703165241
849,R-HSA-9705462,0.0074455319127688805
465,R-HSA-166658,0.007437668358519053
346,R-HSA-6804114,0.007392433434142731
352,R-HSA-9614657,0.0073880457280514145
69,R-HSA-5673000,0.007367102386221329
1143,R-HSA-5358751,0.007354530624191587
978,R-HSA-392517,0.007347489233749608
573,R-HSA-199220,0.0073456226411508395
409,R-HSA-2871809,0.007343723435769789
1154,R-HSA-2022377,0.007333184402280798
136,R-HSA-420092,0.007331386337076158
249,R-HSA-5619115,0.0073210744051417954
1224,R-HSA-9008059,0.007317054853774607
875,R-HSA-450302,0.007300457161424371
1123,R-HSA-8963898,0.007287184251860405
292,R-HSA-170834,0.007271676153565446
705,R-HSA-1168372,0.007248374454987546
666,R-HSA-9694548,0.007239847502205521
38,R-HSA-390466,0.007223752451439699
484,R-HSA-2514859,0.007205710461130365
675,R-HSA-73772,0.007204635627567768
644,R-HSA-9029569,0.007204082576208748
828,R-HSA-9703465,0.007187559476005845
600,R-HSA-6794362,0.0071767713059671225
1071,R-HSA-71403,0.007175144419306889
807,R-HSA-5610787,0.007172347717763235
474,R-HSA-5678895,0.007154238959386324
664,R-HSA-901032,0.007124225659451137
3,R-HSA-71387,0.007115476235048846
464,R-HSA-216083,0.0071043802550169255
951,R-HSA-1483249,0.0070586790146383764
200,R-HSA-8876198,0.007030205427630183
1098,R-HSA-379716,0.007022506270247201
321,R-HSA-68882,0.0070126645499840375
186,R-HSA-5628897,0.007003774517943384
1164,R-HSA-622327,0.006992682914036171
591,R-HSA-9013409,0.006957394424049804
974,R-HSA-212676,0.006956565476139076
1196,R-HSA-6785631,0.0069178857316728685
282,R-HSA-77387,0.0069103158622359235
1246,R-HSA-211733,0.0068753930041566495
872,R-HSA-5627117,0.0068635207974390745
816,R-HSA-5654696,0.006857242002539957
1115,R-HSA-174184,0.0068231606560099555
610,R-HSA-212300,0.006811185751575977
142,R-HSA-948021,0.006808505636096622
477,R-HSA-9612973,0.006798064285734048
1238,R-HSA-350562,0.006773222443492462
9,R-HSA-877300,0.006758096119544158
1055,R-HSA-936964,0.006756690367562139
1079,R-HSA-3000170,0.006743103754706681
17,R-HSA-191273,0.006722578468422095
274,R-HSA-1268020,0.006720014834233249
605,R-HSA-6782210,0.006717990080748374
1230,R-HSA-196757,0.006701492473560696
405,R-HSA-181438,0.0066687545760942156
1214,R-HSA-190861,0.006652203010647403
1085,R-HSA-9620244,0.006641367461998016
1176,R-HSA-8978934,0.006633385002108601
702,R-HSA-5358351,0.0066317205511343975
1197,R-HSA-156842,0.006625761475879699
841,R-HSA-68867,0.006601877087571969
562,R-HSA-5654732,0.006579334344617867
499,R-HSA-2122947,0.006578347079145412
1092,R-HSA-111931,0.006571798476700982
624,R-HSA-5655862,0.006567718987207627
779,R-HSA-1296041,0.006533922103699297
826,R-HSA-912526,0.006532554366579764
1044,R-HSA-9037629,0.0065257964558744185
339,R-HSA-9700206,0.006513592336947719
217,R-HSA-446193,0.006501430247832711
848,R-HSA-977225,0.006491562079948683
76,R-HSA-6802949,0.006465558040266235
587,R-HSA-5250924,0.006464379511695976
1114,R-HSA-174178,0.006452538061421364
1081,R-HSA-390522,0.006438661106706907
1134,R-HSA-163841,0.00643692315206863
738,R-HSA-2672351,0.006423691155699392
280,R-HSA-983712,0.006413758283936962
927,R-HSA-4085377,0.006375469807214055
578,R-HSA-69306,0.006352634547511116
653,R-HSA-9659787,0.006345596897881478
371,R-HSA-5693554,0.006334071436625285
998,R-HSA-76066,0.006332547252047031
390,R-HSA-9709570,0.006324579621044298
461,R-HSA-5668541,0.006302713259356096
1253,R-HSA-9735869,0.006284313158054526
1050,R-HSA-110320,0.0062634411132118355
545,R-HSA-168643,0.006252261163899675
756,R-HSA-8862803,0.0062490383628755804
296,R-HSA-202733,0.006216429744381457
908,R-HSA-159227,0.006210817683798571
1061,R-HSA-2995383,0.006203575290661926
212,R-HSA-9755511,0.006177845677302685
571,R-HSA-9680350,0.006150044477544725
796,R-HSA-72764,0.0061479021116004635
1247,R-HSA-349425,0.00612864107824862
1185,R-HSA-425393,0.0061279551067855206
672,R-HSA-167162,0.006127763253850086
109,R-HSA-1474165,0.006123661389574408
557,R-HSA-5637810,0.006121466449500682
1201,R-HSA-72662,0.006119126795480648
871,R-HSA-416572,0.006099818035727367
350,R-HSA-204998,0.00609483359924828
663,R-HSA-532668,0.00606941832229495
18,R-HSA-8957322,0.006064305812469683
90,R-HSA-5663213,0.006058130241884404
584,R-HSA-9678108,0.006051668338477612
354,R-HSA-201722,0.006035623404507836
380,R-HSA-69481,0.006024004249290253
640,R-HSA-6804760,0.0060171497869305314
1048,R-HSA-2408522,0.006016150067929023
770,R-HSA-400042,0.005989808206019613
88,R-HSA-453279,0.0059540766174905006
1021,R-HSA-4608870,0.005931303659842039
1135,R-HSA-9648895,0.005929983688596015
167,R-HSA-194138,0.005902587069916383
368,R-HSA-5688426,0.005887037259526551
924,R-HSA-2995410,0.005878170845486845
93,R-HSA-5693538,0.005877113419895371
742,R-HSA-5601884,0.005871808795685259
1187,R-HSA-2453902,0.005850774206919596
628,R-HSA-168273,0.005785053882755164
874,R-HSA-167044,0.005775117507437244
203,R-HSA-9006931,0.00577258212530675
1124,R-HSA-8963899,0.005772459349827841
1027,R-HSA-5654693,0.005766606286245709
574,R-HSA-389661,0.005759337140868108
348,R-HSA-193648,0.005756551726760032
244,R-HSA-159418,0.005744222238233002
777,R-HSA-3858494,0.005716372476308606
741,R-HSA-211000,0.0056873044581152495
182,R-HSA-397795,0.005686439131386578
722,R-HSA-446353,0.005647305405000224
915,R-HSA-168276,0.005601799756792995
124,R-HSA-1474244,0.005600897969755655
748,R-HSA-373753,0.005595721502322704
440,R-HSA-9010553,0.005576476567269614
1173,R-HSA-9651496,0.00557646609765167
532,R-HSA-167152,0.005568659334676341
164,R-HSA-1445148,0.005566424719775872
625,R-HSA-4615885,0.005561946280067787
656,R-HSA-1566948,0.005485876244104778
61,R-HSA-110330,0.005478636406041915
87,R-HSA-376176,0.005470761821682876
934,R-HSA-162588,0.005461205414030701
202,R-HSA-8948751,0.005456442494566242
288,R-HSA-164938,0.005446826790769895
659,R-HSA-3928663,0.005423106940482588
698,R-HSA-975138,0.0054200785506206255
122,R-HSA-9670095,0.005414764943998307
1100,R-HSA-379726,0.00537268969831833
695,R-HSA-937061,0.005343038487869004
416,R-HSA-375276,0.005341574830041888
621,R-HSA-6782135,0.005341212717272962
678,R-HSA-73854,0.005338758169091307
821,R-HSA-5655253,0.005292656749952584
1058,R-HSA-156588,0.0052920583718029475
692,R-HSA-448424,0.005286858143032684
299,R-HSA-418360,0.005282421407658452
1255,R-HSA-442660,0.005279377645153242
1003,R-HSA-425366,0.005265489230320479
1261,R-HSA-175474,0.005258446852288519
721,R-HSA-1500931,0.0052491137829444295
955,R-HSA-168927,0.005245216407153445
784,R-HSA-381771,0.0052363844937644895
326,R-HSA-3371556,0.005230518486738825
921,R-HSA-180746,0.005220645394486686
1195,R-HSA-4419969,0.005209049311815761
945,R-HSA-174824,0.005199318289184399
35,R-HSA-450385,0.005195762934211719
488,R-HSA-5696399,0.005193360653356649
923,R-HSA-2980766,0.005172296448533112
189,R-HSA-6804757,0.005170982730730126
1191,R-HSA-8849932,0.005169370748860539
428,R-HSA-202427,0.005163952880927051
264,R-HSA-163685,0.00515604814766751
127,R-HSA-3781865,0.005118957913994867
415,R-HSA-8964315,0.005104470379107321
1239,R-HSA-162710,0.00509535763412714
287,R-HSA-162909,0.005095293923902015
10,R-HSA-909733,0.005094442670815625
355,R-HSA-2173788,0.005071419856782692
208,R-HSA-9634638,0.005053623903222615
912,R-HSA-165054,0.005046864767306639
1213,R-HSA-189200,0.005044916671855996
909,R-HSA-159230,0.005027517562848516
401,R-HSA-166058,0.005002326613369708
586,R-HSA-5250913,0.004993619745558438
954,R-HSA-418038,0.004976812416377167
398,R-HSA-1236974,0.00497105063792939
837,R-HSA-5625740,0.0049653310287491575
1067,R-HSA-1482839,0.0049632075892683735
447,R-HSA-9616222,0.004950921982526779
201,R-HSA-8939211,0.004946266089973506
737,R-HSA-9692916,0.004930263422146671
589,R-HSA-9013405,0.004920324427075684
174,R-HSA-2428924,0.004916797357630761
931,R-HSA-9615933,0.004916342491924297
832,R-HSA-2299718,0.004912675539768921
612,R-HSA-5334118,0.004909012798937813
221,R-HSA-380270,0.004900982195977122
338,R-HSA-72203,0.004891029258336251
52,R-HSA-196741,0.00487794434496512
1150,R-HSA-9619483,0.004872874219048148
227,R-HSA-68877,0.004862984640446181
588,R-HSA-9013026,0.004857680127800753
864,R-HSA-975634,0.00485456182116953
1175,R-HSA-140875,0.004838911650585942
567,R-HSA-5654743,0.004817771188815338
1005,R-HSA-9013418,0.004814895181334577
1024,R-HSA-1963640,0.004812324470064292
781,R-HSA-163359,0.004800242472265381
118,R-HSA-180786,0.004782155973953195
77,R-HSA-6802952,0.004782016786824291
310,R-HSA-1251985,0.004779779317323119
766,R-HSA-428930,0.0047777495929040015
962,R-HSA-6807505,0.004775387168047018
961,R-HSA-69615,0.004775350531175112
708,R-HSA-446652,0.004774144742016991
838,R-HSA-5625886,0.004761051916527019
956,R-HSA-450321,0.00475334261621659
603,R-HSA-5651801,0.00473745418615484
1183,R-HSA-1234176,0.004726499324897304
367,R-HSA-5685942,0.0047216534439940006
11,R-HSA-913531,0.00472125718758131
699,R-HSA-975155,0.004703763164191817
1205,R-HSA-72737,0.004700850612425711
308,R-HSA-9013423,0.004690358692581261
596,R-HSA-9696273,0.00468872096001481
479,R-HSA-9615710,0.004680620131936545
747,R-HSA-373752,0.004678327454409252
496,R-HSA-1912408,0.0046740817022509875
251,R-HSA-2142691,0.004651839395713371
165,R-HSA-165159,0.004648810094416452
449,R-HSA-5619507,0.004647884950585043
1259,R-HSA-190872,0.0046444938343483955
504,R-HSA-2894862,0.004643797420430929
918,R-HSA-170822,0.004642013940610923
31,R-HSA-70895,0.00463685435631002
133,R-HSA-187037,0.004634950547673118
929,R-HSA-5619102,0.004634857981000095
771,R-HSA-418597,0.0046294366312698305
207,R-HSA-9614085,0.004626969353929174
214,R-HSA-674695,0.00461652707902734
1060,R-HSA-3238698,0.004604517032081882
822,R-HSA-5655332,0.004602264158893377
1393,hsa.miR.483.3p,0.004601115050172666
1257,R-HSA-435354,0.004596065745378534
527,R-HSA-6806834,0.004589600620480875
1235,R-HSA-5083636,0.004583705818125357
809,R-HSA-5610785,0.004581430776912991
1163,R-HSA-181431,0.004573881406880294
1236,R-HSA-3295583,0.004572918386353801
230,R-HSA-8856825,0.004568896160344593
334,R-HSA-8848021,0.004564156002985934
453,R-HSA-5621575,0.004563392687123269
613,R-HSA-9645723,0.0045569227969584365
1155,R-HSA-1482925,0.00455374076263979
233,R-HSA-4839726,0.004553429074197386
104,R-HSA-9658195,0.004552370856011597
935,R-HSA-9762114,0.00453946599639797
561,R-HSA-5654727,0.004512966453815655
106,R-HSA-9664417,0.004508603341431202
858,R-HSA-1266695,0.004495347334401837
427,R-HSA-202403,0.004491184082386705
234,R-HSA-3214858,0.004480607594208171
97,R-HSA-69231,0.004478681339727094
813,R-HSA-5654687,0.004464927497610916
1211,R-HSA-5654221,0.004462137585505843
1168,R-HSA-420029,0.004454552793564896
560,R-HSA-5654726,0.004416338973290597
375,R-HSA-5693607,0.004388198136196782
569,R-HSA-6807004,0.004382917127804831
0,R-HSA-3229121,0.004380283727611337
804,R-HSA-438064,0.004377876460299982
1245,R-HSA-391903,0.004354532594637324
1101,R-HSA-5362517,0.0043540958659529375
1234,R-HSA-5083625,0.004349325768877558
399,R-HSA-1236975,0.004341267522734901
941,R-HSA-176814,0.004334667064631504
281,R-HSA-1222556,0.004329935465648305
1425,hsa.miR.577,0.004327098366987533
192,R-HSA-6807070,0.004307840677878024
829,R-HSA-9703648,0.004284544976932618
34,R-HSA-429914,0.004281376098515466
407,R-HSA-2424491,0.004275298997041924
480,R-HSA-9646399,0.0042502157157287
128,R-HSA-3906995,0.004244508310997238
1059,R-HSA-5609975,0.004238996051329499
92,R-HSA-5693532,0.004238727157159398
988,R-HSA-110312,0.00422573401980723
205,R-HSA-9009391,0.0042157012563014485
176,R-HSA-3769402,0.004213435328953589
919,R-HSA-176033,0.0042077143695981555
1102,R-HSA-5365859,0.004204960289644078
392,R-HSA-74158,0.004204770558377883
1076,R-HSA-389958,0.004192134054998557
37,R-HSA-450531,0.0041921273902213825
1339,hsa.miR.20a.5p.miR.20b.5p,0.004170502807968054
1233,R-HSA-5419276,0.0041586840156620985
369,R-HSA-5689901,0.004151056684592428
830,R-HSA-2871796,0.004146408366796095
64,R-HSA-73927,0.004143049326861122
1045,R-HSA-975576,0.0041391137686635675
563,R-HSA-5654733,0.004136332974303514
199,R-HSA-8863795,0.004120212373284933
1159,R-HSA-425410,0.004117303980334933
1025,R-HSA-210993,0.004112663089229803
1109,R-HSA-141405,0.004103006064542569
1041,R-HSA-977068,0.004099842983365912
1314,hsa.miR.15b.5p,0.004080024728318676
1249,R-HSA-69610,0.004058748105065509
376,R-HSA-5693616,0.00404471063229721
1119,R-HSA-8853884,0.004041868666437646
394,R-HSA-76046,0.004034324331829945
607,R-HSA-69186,0.004032389204561089
13,R-HSA-74259,0.004028725251555443
1063,R-HSA-5620924,0.0040274172109396504
1170,R-HSA-77595,0.004020669525683237
1089,R-HSA-8956321,0.004019542524474673
131,R-HSA-5173214,0.004009194476384437
177,R-HSA-388841,0.004007011163048446
759,R-HSA-6782315,0.004003055952489376
307,R-HSA-9013149,0.003996567130282832
594,R-HSA-9696264,0.0039940075755415215
43,R-HSA-8868773,0.003977091680038332
1215,R-HSA-70221,0.003967419394757599
652,R-HSA-2559585,0.003953324890850733
134,R-HSA-373080,0.003945732862363608
1209,R-HSA-2033519,0.003944926308273959
565,R-HSA-5654738,0.003934205880311007
570,R-HSA-8875360,0.003924217575695365
703,R-HSA-5632684,0.0039220130391186105
550,R-HSA-1236382,0.003921328245875581
268,R-HSA-5578775,0.003912312947068131
1122,R-HSA-205043,0.003907464623140792
510,R-HSA-400253,0.0039048454588434347
623,R-HSA-5656121,0.003904482452586914
679,R-HSA-73863,0.0038817562840146517
580,R-HSA-72306,0.003879458437828968
98,R-HSA-69236,0.003872130115632899
487,R-HSA-5696398,0.0038714798186750463
728,R-HSA-5655302,0.0038554801176360343
1036,R-HSA-9694631,0.0038539998039292794
140,R-HSA-6811442,0.003850983216398163
436,R-HSA-159236,0.0038475913973040105
800,R-HSA-8854214,0.003845700043408821
343,R-HSA-5620971,0.003832532224866251
397,R-HSA-204005,0.0038148525532960774
518,R-HSA-9634815,0.003771714714821428
970,R-HSA-264876,0.0037458316772244872
386,R-HSA-9701192,0.0037428073410410434
1051,R-HSA-1483191,0.0037349541894703482
157,R-HSA-109606,0.003730307493727499
1104,R-HSA-193807,0.0037130589107012687
102,R-HSA-8940973,0.003703420745053639
1128,R-HSA-9018678,0.003702763037290424
252,R-HSA-2142753,0.0036755933717358856
531,R-HSA-162599,0.003668892243877053
413,R-HSA-5602498,0.0036682754987850787
467,R-HSA-5694530,0.003650564341296558
426,R-HSA-180292,0.0036492932461745418
1179,R-HSA-2243919,0.0036456871283007787
289,R-HSA-164952,0.003643322405817647
861,R-HSA-4551638,0.0036420526991908747
938,R-HSA-193639,0.0036389661002128077
602,R-HSA-5358508,0.003624657741812598
1008,R-HSA-68949,0.0036244786004923906
949,R-HSA-452723,0.0036228035460226238
582,R-HSA-194441,0.0036216260593694943
1013,R-HSA-1799339,0.0036163142331740042
619,R-HSA-5656169,0.0036111146114611377
764,R-HSA-392518,0.0035890935027661423
105,R-HSA-9664407,0.003580737671169724
511,R-HSA-8864260,0.0035687846209233004
833,R-HSA-2559582,0.003548231467235989
818,R-HSA-5654710,0.0035437035122110197
1225,R-HSA-3214842,0.0035388634831178935
547,R-HSA-5357956,0.0035275196421328775
318,R-HSA-2500257,0.003505071037216112
498,R-HSA-210744,0.003499713468287761
196,R-HSA-69656,0.003499110877358665
668,R-HSA-9772573,0.003481314495729748
278,R-HSA-8949613,0.0034806694682629315
53,R-HSA-196849,0.0034801561278679097
79,R-HSA-6802957,0.0034733218975209943
950,R-HSA-9754189,0.003472331017110264
1038,R-HSA-2022854,0.003463600212126039
617,R-HSA-110313,0.0034607982076825766
1117,R-HSA-176412,0.003450214919090892
100,R-HSA-8878171,0.003446364232028524
948,R-HSA-8963743,0.003444085018418264
163,R-HSA-1257604,0.003431632942647411
1161,R-HSA-917729,0.0034133576322346927
1,R-HSA-5663084,0.003407797050507118
27,R-HSA-400206,0.0034041935092924782
1364,hsa.miR.320d,0.003402761823053879
1166,R-HSA-4420332,0.003402466338108449
419,R-HSA-381042,0.0034016282320711373
1444,hsa.miR.708.5p,0.0033924711158003144
26,R-HSA-2426168,0.003375083477779602
381,R-HSA-8951664,0.0033746310225069463
1016,R-HSA-5362768,0.003368288379472991
340,R-HSA-9725370,0.0033664473584697893
450,R-HSA-429947,0.0033639622968621554
257,R-HSA-76002,0.003357165708439425
521,R-HSA-9758941,0.0033499696458117495
218,R-HSA-446219,0.003347830839144687
677,R-HSA-73779,0.0033475249911134597
421,R-HSA-1461957,0.003342466337683921
1000,R-HSA-380972,0.0033387344616736905
1203,R-HSA-72702,0.0033262129698414357
898,R-HSA-399719,0.0033199130062712356
30,R-HSA-75876,0.0033161323284730316
539,R-HSA-167243,0.003309819121689846
492,R-HSA-1368082,0.0033056555956136437
1145,R-HSA-9694676,0.003305574257198411
783,R-HSA-381676,0.0033015399880241604
729,R-HSA-432142,0.0033003382098589404
1200,R-HSA-72649,0.0032909593248708307
337,R-HSA-72172,0.0032859546688844905
1146,R-HSA-1971475,0.003278296505838322
1069,R-HSA-8979227,0.003274682480696356
673,R-HSA-72086,0.003273782391139927
1138,R-HSA-196299,0.0032585926256918658
123,R-HSA-1187000,0.003248598067572554
680,R-HSA-73864,0.0032482591612885397
546,R-HSA-5357786,0.003247561632209302
1107,R-HSA-1793185,0.0032416504953289406
805,R-HSA-442755,0.0032251074648229406
859,R-HSA-9671555,0.0032169774184391525
1156,R-HSA-445144,0.0032152454582198213
815,R-HSA-5654695,0.003207206889055669
536,R-HSA-167200,0.0032058548919546106
383,R-HSA-912446,0.0032042809471022338
775,R-HSA-977444,0.0032028840680141
1188,R-HSA-71336,0.003202216132194735
213,R-HSA-112382,0.0031934397663765895
271,R-HSA-8980692,0.003180486186950778
1095,R-HSA-111997,0.0031721429390017875
891,R-HSA-2028269,0.0031647864961996675
758,R-HSA-9734009,0.0031580738810589536
1171,R-HSA-140877,0.0031337502257277566
1231,R-HSA-8949664,0.0031240097217960284
958,R-HSA-69541,0.0031207142611189434
553,R-HSA-1433559,0.003119669715912702
231,R-HSA-3214841,0.003114536195062101
235,R-HSA-8939243,0.003114524473979448
96,R-HSA-5693606,0.0031145069204891723
749,R-HSA-375165,0.0031133629473818775
987,R-HSA-9617828,0.003110347613498258
713,R-HSA-9020702,0.0031013320801624405
360,R-HSA-75153,0.003098486582166515
608,R-HSA-69190,0.0030953854547988158
1084,R-HSA-9617324,0.0030925116734579206
901,R-HSA-6811438,0.00308191262629407
1222,R-HSA-5218921,0.0030712672620817707
258,R-HSA-76005,0.0030699089790383973
130,R-HSA-5173105,0.0030628012793992338
254,R-HSA-9753281,0.003061247195970888
745,R-HSA-114604,0.003055328133147365
925,R-HSA-3232142,0.003053910740224334
222,R-HSA-380284,0.0030509910623853407
220,R-HSA-380259,0.00304644558345899
393,R-HSA-749476,0.0030454237896871445
277,R-HSA-163210,0.003037014535705869
1131,R-HSA-211897,0.003026568282317991
1140,R-HSA-5339716,0.003016736720261785
543,R-HSA-499943,0.0030115044884344872
785,R-HSA-392851,0.002998401818331331
1014,R-HSA-9609523,0.0029901004755326236
209,R-HSA-9694516,0.002987932182441
466,R-HSA-977606,0.0029879254114348443
238,R-HSA-9679191,0.0029831062910185818
947,R-HSA-8964043,0.002981097611094204
75,R-HSA-6802948,0.0029786404920741916
364,R-HSA-2990846,0.0029750303971619965
39,R-HSA-390471,0.002971602320515861
648,R-HSA-1362277,0.002966861020831857
795,R-HSA-997272,0.002963692822959274
658,R-HSA-2682334,0.0029601142237273355
731,R-HSA-9664323,0.0029541606594042
769,R-HSA-392170,0.0029521325641932586
1126,R-HSA-5686938,0.002948175669492533
1035,R-HSA-9665686,0.0029326896605198272
1352,hsa.miR.26b.5p,0.0029284081038592072
851,R-HSA-5689603,0.0029215504903125594
1026,R-HSA-5654688,0.0029149585981940616
1068,R-HSA-163560,0.0029047888432008526
72,R-HSA-5675221,0.0029047630678784723
253,R-HSA-9707564,0.002892807239550166
554,R-HSA-1643713,0.002891999204196812
973,R-HSA-210500,0.0028889993567039105
193,R-HSA-69202,0.00288565938778144
60,R-HSA-110329,0.002877754723886028
727,R-HSA-1839124,0.0028698491000492747
1162,R-HSA-9668328,0.0028685401387823126
937,R-HSA-1810476,0.0028623570668666314
86,R-HSA-2029482,0.002860659837218312
843,R-HSA-73728,0.002859878526214743
512,R-HSA-8878159,0.0028545581886040357
363,R-HSA-8957275,0.0028537142071096847
114,R-HSA-174411,0.0028459521088128287
654,R-HSA-9661069,0.002843169765158867
1118,R-HSA-69017,0.0028376645030220972
443,R-HSA-140534,0.0028328850562199174
1112,R-HSA-174084,0.002823670622698652
179,R-HSA-389357,0.0028126711937754103
835,R-HSA-427389,0.002797521956260122
559,R-HSA-5637815,0.0027969835811139394
335,R-HSA-9006927,0.0027966314655107757
1427,hsa.miR.581,0.0027956211881246416
154,R-HSA-163125,0.0027950566669460385
685,R-HSA-166166,0.0027938231884036212
378,R-HSA-6804756,0.0027933541879368324
516,R-HSA-9013695,0.002789288747590035
717,R-HSA-174143,0.0027780095629471664
67,R-HSA-73933,0.00277713349108429
198,R-HSA-74752,0.0027756005564394098
1174,R-HSA-9671793,0.00277267735885592
782,R-HSA-2980736,0.0027674096139890026
49,R-HSA-375280,0.0027672159460962577
1426,hsa.miR.580,0.0027582021398605623
424,R-HSA-162587,0.0027400745001311105
1017,R-HSA-5387390,0.0027400383677255984
1169,R-HSA-75067,0.0027302523454030355
724,R-HSA-373755,0.002730162173975259
1372,hsa.miR.345.5p,0.0027280759456819697
370,R-HSA-5693537,0.0027196592973875037
1113,R-HSA-174154,0.0027182035519217607
797,R-HSA-72766,0.0026920719091625264
564,R-HSA-5654736,0.0026856974567635917
1286,hsa.miR.1279,0.0026844256062759086
877,R-HSA-166663,0.002676382318410712
661,R-HSA-3928662,0.0026622702823563787
485,R-HSA-9648002,0.0026604835579443413
459,R-HSA-202433,0.002655509550337835
162,R-HSA-1227986,0.0026551826595095918
83,R-HSA-983231,0.0026505360123337597
62,R-HSA-110331,0.002646577455258618
319,R-HSA-2555396,0.002646017245327433
216,R-HSA-3781860,0.0026431084736638394
1356,hsa.miR.29b.3p,0.0026287874730769544
404,R-HSA-168898,0.0026271265970232585
1073,R-HSA-157858,0.0026271027699768484
865,R-HSA-3772470,0.002610312479858597
814,R-HSA-5654689,0.0026065748068504037
1226,R-HSA-983189,0.0026035958876794514
520,R-HSA-9707616,0.002587986714206636
1300,hsa.miR.135a.5p,0.002586046232075508
846,R-HSA-8866654,0.002585590120240037
1206,R-HSA-72689,0.002579684308390521
1436,hsa.miR.652.3p,0.002565517857753245
396,R-HSA-6790901,0.0025537307665217668
1054,R-HSA-1592389,0.0025479395713773555
1219,R-HSA-418457,0.0025470729335211216
968,R-HSA-5620916,0.002541609274946192
261,R-HSA-2142845,0.0025344636388278255
425,R-HSA-177929,0.002530755447757353
178,R-HSA-389356,0.0025296389754051536
614,R-HSA-9710421,0.0025281696017676342
733,R-HSA-1660514,0.0025225342726722983
1139,R-HSA-4839743,0.002520824598953671
736,R-HSA-2173791,0.0025185501406667756
590,R-HSA-9013408,0.0025164883215135583
312,R-HSA-912631,0.002514510009859805
670,R-HSA-167160,0.0025140116461746707
1454,hsa.miR.93.5p,0.0025115273156067985
817,R-HSA-5654708,0.002507019728849021
808,R-HSA-5610783,0.0024876562747522257
1240,R-HSA-180024,0.0024863791910718193
44,R-HSA-1592230,0.002475777796159188
1194,R-HSA-180585,0.00247421096622323
889,R-HSA-9013507,0.0024680416274350135
356,R-HSA-2173789,0.0024667595100860734
850,R-HSA-4641258,0.0024645351858149905
1228,R-HSA-1482801,0.002456006800639443
70,R-HSA-5673001,0.0024483331207496425
903,R-HSA-611105,0.002445755737911289
418,R-HSA-380994,0.0024250182759715244
1420,hsa.miR.561.3p,0.0024220262081750357
960,R-HSA-69580,0.002418090877472423
1299,hsa.miR.134,0.0024176046000017474
470,R-HSA-2219530,0.0024118501639653306
462,R-HSA-5676594,0.0023824711233222237
1380,hsa.miR.378d,0.002374345878585397
548,R-HSA-936440,0.0023663928419409785
952,R-HSA-1855204,0.0023603912743662176
669,R-HSA-5696395,0.002356772509907993
1111,R-HSA-174048,0.002354773181771937
643,R-HSA-9024446,0.0023546447579671317
195,R-HSA-69242,0.00234992409429348
232,R-HSA-3247509,0.0023468482879252404
876,R-HSA-5687128,0.00233910262856322
303,R-HSA-1912420,0.00233684825070668
314,R-HSA-983705,0.002322122953288878
1237,R-HSA-197264,0.0023207898164400833
979,R-HSA-354194,0.0023199804782052524
8,R-HSA-1169410,0.002306533957986782
1077,R-HSA-445095,0.0022982028191715167
1438,hsa.miR.657,0.0022957204186241143
566,R-HSA-5654741,0.002295491453454209
957,R-HSA-937041,0.0022908393593449243
1332,hsa.miR.200a.3p,0.0022898544440977274
1157,R-HSA-1442490,0.0022842680948087944
248,R-HSA-5619084,0.002261804013202588
1207,R-HSA-450408,0.0022615679272954973
1141,R-HSA-5358747,0.00226042208475216
241,R-HSA-5250941,0.002256325298609833
463,R-HSA-1474228,0.0022434268505700555
1189,R-HSA-204174,0.002222507250553463
125,R-HSA-1474290,0.0022192882315721363
285,R-HSA-9711097,0.002218348403706235
641,R-HSA-8936459,0.0022140786595021686
262,R-HSA-1296065,0.002212984091117202
81,R-HSA-9656223,0.0022094810588896507
103,R-HSA-8941326,0.002208639138977257
810,R-HSA-164378,0.0022074431316771856
1074,R-HSA-190828,0.0022057262965366436
1030,R-HSA-5654704,0.0021941085966924825
110,R-HSA-1500620,0.002190475530611972
751,R-HSA-399956,0.0021865321687073447
1065,R-HSA-8866910,0.002183173164242665
144,R-HSA-381070,0.002180036113228804
410,R-HSA-416482,0.002165330724286226
347,R-HSA-9034015,0.002162707174041619
995,R-HSA-73780,0.0021620014345292778
469,R-HSA-2132295,0.00215938939654734
272,R-HSA-9013106,0.00215135410350437
224,R-HSA-380320,0.002142262884687322
665,R-HSA-901042,0.002135184967967992
977,R-HSA-5576892,0.0021334473422029987
184,R-HSA-5218920,0.0021327540297837308
107,R-HSA-9664422,0.0021218831049433597
1070,R-HSA-422085,0.0021205218188697474
183,R-HSA-4420097,0.0021151944170317923
1007,R-HSA-195253,0.0021146282359647255
12,R-HSA-15869,0.0021142519399290904
1244,R-HSA-2162123,0.0021142129771760665
491,R-HSA-1234174,0.00211262541609661
939,R-HSA-933542,0.0021017694472296473
21,R-HSA-211859,0.0020950553628305596
473,R-HSA-1632852,0.0020940519895399725
1334,hsa.miR.200c.3p,0.002084826194428994
897,R-HSA-2022928,0.0020846844778134254
211,R-HSA-9711123,0.0020840453066436264
437,R-HSA-72187,0.0020790786312621396
411,R-HSA-5260271,0.002072511549340561
622,R-HSA-73893,0.0020695290295407176
250,R-HSA-189483,0.002063089857013741
765,R-HSA-418592,0.002047418226720765
735,R-HSA-166208,0.0020446356596949045
723,R-HSA-446728,0.00204285293899981
986,R-HSA-9706574,0.002041868196101859
933,R-HSA-9758274,0.0020307055994635446
534,R-HSA-167169,0.002015087684655252
1344,hsa.miR.219.2.3p,0.002014162275978985
1094,R-HSA-111996,0.002012279783533207
739,R-HSA-8986944,0.0020064824348082766
197,R-HSA-74751,0.0020046958248713053
965,R-HSA-418990,0.0020046725888581327
1349,hsa.miR.23b.3p,0.00200456641347652
576,R-HSA-68962,0.002002238814861812
1317,hsa.miR.183.5p,0.0019980684934125747
468,R-HSA-5669034,0.0019929918509054307
868,R-HSA-4791275,0.001988146668008994
824,R-HSA-9665348,0.0019842831204490113
671,R-HSA-167161,0.0019797972000863712
239,R-HSA-212165,0.0019655039553375295
442,R-HSA-975957,0.0019651916401926426
1274,hsa.miR.1207.3p,0.001960947056916969
1404,hsa.miR.517b.3p,0.001960787761102741
1323,hsa.miR.1915.3p,0.0019584747826835763
74,R-HSA-6802946,0.001955013725576767
1361,hsa.miR.3192,0.0019537323224843323
528,R-HSA-8875878,0.0019440505876749134
441,R-HSA-927802,0.0019440061315738907
635,R-HSA-432722,0.0019426323650501823
1424,hsa.miR.575,0.0019392822083318605
336,R-HSA-72163,0.001934351158949236
1152,R-HSA-6809371,0.0019327356092010935
1212,R-HSA-5654228,0.0019183425893061212
691,R-HSA-198753,0.0019099662478159493
715,R-HSA-9604323,0.0019098960804209734
593,R-HSA-9013424,0.001903728971228702
982,R-HSA-4090294,0.0019018709873004505
420,R-HSA-6783783,0.0018802333516456807
533,R-HSA-167158,0.0018786511345145604
1132,R-HSA-211976,0.00187612137766943
583,R-HSA-9754678,0.0018604947816735753
984,R-HSA-5658442,0.0018549949246031852
1421,hsa.miR.564,0.0018467159375480454
1251,R-HSA-3232118,0.001846452197059989
1258,R-HSA-190840,0.0018416427369326509
46,R-HSA-189445,0.0018346833274942278
444,R-HSA-5213460,0.001832529313590688
132,R-HSA-166520,0.001831434921606956
1455,hsa.miR.934,0.0018197724692678699
1335,hsa.miR.203,0.001817464010673575
869,R-HSA-5683826,0.00181550751561493
73,R-HSA-5684996,0.0018117935345799197
84,R-HSA-195258,0.0018079915520502255
1269,hsa.miR.106a.5p.miR.17.5p,0.0018050243040003504
153,R-HSA-110373,0.0018002307985928686
351,R-HSA-73887,0.0017989716259762644
59,R-HSA-110328,0.0017959388572004779
881,R-HSA-844456,0.0017930596256822658
1333,hsa.miR.200b.3p,0.0017919598899122017
611,R-HSA-4655427,0.0017852672213545398
495,R-HSA-1834949,0.0017733000403798846
170,R-HSA-201681,0.0017693829868221655
1151,R-HSA-6805567,0.0017650469599175267
1086,R-HSA-1181150,0.0017629473758195976
857,R-HSA-982772,0.001759739135983788
1264,hsa.let.7e.5p,0.0017580484952607852
330,R-HSA-186797,0.0017527198515987644
899,R-HSA-399721,0.0017526575315059746
1066,R-HSA-3134975,0.001749660389032215
1172,R-HSA-140837,0.0017470455459564012
971,R-HSA-181429,0.0017449600142147878
657,R-HSA-2129379,0.0017389545896245788
893,R-HSA-1638091,0.00172549959885752
1182,R-HSA-5083632,0.0017059451459014478
1298,hsa.miR.133a,0.0017040217183724355
389,R-HSA-9704646,0.0017035433869750705
1431,hsa.miR.622,0.001700803352650837
471,R-HSA-6811558,0.0016996212866312514
855,R-HSA-8854691,0.0016971365275821881
1064,R-HSA-5099900,0.0016948419167116906
317,R-HSA-2467813,0.0016855879070741746
632,R-HSA-888590,0.0016811206871352625
1311,hsa.miR.1539,0.001680249592269926
847,R-HSA-9610379,0.0016799134047081074
1018,R-HSA-437239,0.0016708679565150912
1167,R-HSA-5625900,0.0016685780098972221
1447,hsa.miR.765,0.0016573326196521521
1357,hsa.miR.30a.5p,0.0016565223842917476
1355,hsa.miR.29a.3p,0.0016564557745975131
489,R-HSA-6781823,0.0016374700984063868
754,R-HSA-9669938,0.0016360182324812436
551,R-HSA-1295596,0.001625808393388676
150,R-HSA-5617833,0.0016217205932965346
726,R-HSA-1839117,0.001619186582358149
1369,hsa.miR.33b.5p,0.0016149527686745084
290,R-HSA-9635486,0.0016141300497110934
1330,hsa.miR.19a.3p,0.0016108447319008216
884,R-HSA-8874081,0.0016075195441468775
1289,hsa.miR.1283,0.0016055353064075462
267,R-HSA-5576891,0.0016016125822109946
1346,hsa.miR.223.3p,0.0016013481479603797
880,R-HSA-622312,0.0015967602863383944
572,R-HSA-9682385,0.0015874336007982493
1319,hsa.miR.185.5p,0.00158633197764478
505,R-HSA-3214847,0.0015806717359131046
990,R-HSA-6803529,0.0015802672910770828
1376,hsa.miR.361.5p,0.0015790246697482265
146,R-HSA-8856828,0.0015697751203939939
1279,hsa.miR.125a.5p,0.0015671379672009304
15,R-HSA-77289,0.0015659736605205883
135,R-HSA-418555,0.0015645093837520108
1394,hsa.miR.483.5p,0.0015600083941535558
985,R-HSA-9013422,0.0015530109877242163
190,R-HSA-6804758,0.0015424521829118022
1284,hsa.miR.1271.5p,0.0015411360417298661
417,R-HSA-380108,0.0015399082175766429
432,R-HSA-5621480,0.0015268965217425526
265,R-HSA-422356,0.0015163775310308362
917,R-HSA-168333,0.0014895824610074253
853,R-HSA-1170546,0.0014778873504837976
301,R-HSA-9662360,0.0014735554703899348
601,R-HSA-6783310,0.0014526518374623266
540,R-HSA-167246,0.001441369666281389
1121,R-HSA-190242,0.0014407726404897403
845,R-HSA-8852135,0.0014376878719000767
991,R-HSA-1839126,0.0014331778407116265
1338,hsa.miR.206,0.0014302986581848623
1440,hsa.miR.661,0.001428092225008489
946,R-HSA-8964038,0.0014210682643655066
780,R-HSA-1296059,0.0014164540004761269
50,R-HSA-416476,0.0014034550312013985
242,R-HSA-1369062,0.0014012345311736377
40,R-HSA-391251,0.0013868690553257086
598,R-HSA-450604,0.001381631934646066
552,R-HSA-1433557,0.00138155749834065
507,R-HSA-350054,0.0013772888317665395
1360,hsa.miR.3151,0.0013620927620650036
967,R-HSA-8873719,0.0013572660022570441
1408,hsa.miR.520e,0.0013523081032568976
1382,hsa.miR.425.5p,0.0013470378204753313
55,R-HSA-3296482,0.0013414834954043424
1093,R-HSA-111933,0.0013381014696885055
706,R-HSA-1169091,0.0013357171012709538
684,R-HSA-1614558,0.0013346983735876468
116,R-HSA-174417,0.0013339250416417295
246,R-HSA-193368,0.001329689756676089
772,R-HSA-9634597,0.0013268899362628872
266,R-HSA-397014,0.001326532617288952
1307,hsa.miR.1468,0.001323122813240237
549,R-HSA-8876384,0.0013209207982678587
119,R-HSA-2559583,0.0013178447038323308
1327,hsa.miR.199a.3p.miR.199b.3p,0.0013078763357043499
1411,hsa.miR.544b,0.001304374637508469
801,R-HSA-9633012,0.0013014632733757026
1418,hsa.miR.556.3p,0.0012992870057739008
1366,hsa.miR.326,0.0012975577417819295
1020,R-HSA-4086400,0.0012962689092091751
1368,hsa.miR.339.5p,0.00129364491343343
1090,R-HSA-5579029,0.0012825385475783455
1449,hsa.miR.874,0.001279972993991881
4,R-HSA-8982491,0.0012754867212303603
357,R-HSA-111465,0.0012724375347412812
457,R-HSA-202424,0.0012706687860675931
365,R-HSA-3108214,0.001265688538114773
506,R-HSA-3371571,0.00126160538914822
1083,R-HSA-9609736,0.0012611194615601562
873,R-HSA-5627123,0.0012607541012888154
820,R-HSA-5654720,0.0012594349801171726
1006,R-HSA-187577,0.0012518595530612705
1326,hsa.miR.1976,0.0012502163504298854
993,R-HSA-72165,0.001239816836459795
502,R-HSA-2644606,0.0012391597794097228
1040,R-HSA-9683701,0.0012388368527657197
1429,hsa.miR.589.5p,0.0012368030395009555
331,R-HSA-354192,0.0012312086847866036
798,R-HSA-975956,0.001230523815320339
66,R-HSA-73929,0.0012294842298918715
1290,hsa.miR.1285.3p,0.0012290594323227802
1351,hsa.miR.26a.5p,0.0012237689727650528
714,R-HSA-8939902,0.0012237384954156974
1193,R-HSA-8876725,0.0012198141960349555
1301,hsa.miR.135b.5p,0.0012141662915382766
895,R-HSA-4085001,0.001205822421858708
126,R-HSA-1650814,0.001204461475329784
585,R-HSA-9772572,0.0012028507442058375
1396,hsa.miR.490.5p,0.0011998505249115018
1080,R-HSA-3000171,0.0011963557614156648
20,R-HSA-156584,0.0011693088643369264
537,R-HSA-167238,0.0011692869645533695
1178,R-HSA-2214320,0.0011640545056555613
129,R-HSA-5083635,0.0011626476101810113
568,R-HSA-6783589,0.0011585781610241005
870,R-HSA-400685,0.0011584146869912124
168,R-HSA-195721,0.0011567034584004433
226,R-HSA-5620912,0.0011548356698767748
181,R-HSA-392451,0.0011487666595106324
1442,hsa.miR.668,0.0011447765781971006
690,R-HSA-168181,0.0011444699955670027
1293,hsa.miR.1294,0.0011430448333461147
1402,hsa.miR.513b,0.0011418504779915869
1407,hsa.miR.520d.3p,0.0011402687336764454
542,R-HSA-167290,0.0011395504998896891
1331,hsa.miR.19b.3p,0.0011252733963677505
1390,hsa.miR.451a,0.0011248938467664023
115,R-HSA-174414,0.0011243537137261227
1308,hsa.miR.146b.5p,0.0011198925096929694
1318,hsa.miR.184,0.0011180822990051334
831,R-HSA-2559584,0.0011151107496213323
646,R-HSA-9692914,0.0010970250839212289
1413,hsa.miR.548aj.3p,0.00109619802948752
894,R-HSA-2024096,0.00108763188982266
627,R-HSA-168255,0.0010838216994064473
928,R-HSA-4570464,0.0010783812700537964
802,R-HSA-419037,0.001069654244929552
1305,hsa.miR.143.3p,0.0010673979588318617
943,R-HSA-179419,0.0010631982780372102
482,R-HSA-2187338,0.001060447355970003
788,R-HSA-432040,0.0010513457120396197
1277,hsa.miR.1246,0.0010497235057603878
1398,hsa.miR.496,0.0010425888266278585
306,R-HSA-9013148,0.001041188531659524
1419,hsa.miR.559,0.0010389052314470368
452,R-HSA-1236978,0.0010319607192741387
1430,hsa.miR.615.3p,0.0010308593522495358
243,R-HSA-382556,0.0010237345484104784
1294,hsa.miR.1296,0.0010135326987438021
1049,R-HSA-2408557,0.0010102241609274642
1208,R-HSA-190241,0.0010060067341934578
438,R-HSA-72202,0.0009982979298608066
1446,hsa.miR.720,0.0009965793401534029
1204,R-HSA-72706,0.0009910990040831772
1315,hsa.miR.181a.5p,0.0009869648819214186
1217,R-HSA-392154,0.0009803301970047567
1180,R-HSA-8948216,0.0009798934688054336
1273,hsa.miR.1184,0.0009711530899949139
1378,hsa.miR.365a.3p,0.0009705727302086113
1047,R-HSA-196071,0.0009586354652128648
753,R-HSA-9006115,0.0009556322067510337
1397,hsa.miR.491.5p,0.000953047215443803
1428,hsa.miR.582.5p,0.0009453689820171955
1267,hsa.let.7i.5p,0.0009437223735706842
111,R-HSA-157579,0.0009361054576099074
152,R-HSA-5620922,0.0009314652084867703
1345,hsa.miR.221.3p,0.000919655284997134
1142,R-HSA-5358749,0.000918148945371892
1105,R-HSA-5423646,0.0009165910087176599
1363,hsa.miR.320c,0.0009163467630666371
734,R-HSA-1660516,0.0009155475217994535
1227,R-HSA-1482788,0.0009143355646907973
1078,R-HSA-5626467,0.0009121768855645011
730,R-HSA-9662851,0.000910557695897296
519,R-HSA-9705671,0.0009096740550982456
1116,R-HSA-176407,0.0009076676629774738
1410,hsa.miR.539.5p,0.0009045783151426197
1262,hsa.let.7a.5p,0.0008986237464948014
1283,hsa.miR.1261,0.0008979107956596029
159,R-HSA-111447,0.0008915936758664126
1405,hsa.miR.518d.3p,0.0008898536181732198
1106,R-HSA-70263,0.0008862248373437372
483,R-HSA-2514856,0.0008723561023847045
634,R-HSA-432720,0.0008616784831095478
997,R-HSA-76061,0.0008594821866912146
515,R-HSA-9013694,0.0008584453054936603
524,R-HSA-9793380,0.0008499866370887806
1276,hsa.miR.1243,0.0008476460293119696
629,R-HSA-192823,0.000845212075849607
1452,hsa.miR.92a.3p,0.0008371704268938629
792,R-HSA-8964616,0.0008354363574956855
647,R-HSA-9735871,0.0008321109703805026
1088,R-HSA-8866427,0.0008303441873673971
139,R-HSA-6811434,0.0008148423776826046
237,R-HSA-3214815,0.0008142818750153917
1295,hsa.miR.1303,0.0008129539763710151
379,R-HSA-69473,0.0008102316222599863
1268,hsa.miR.103a.3p,0.0008089007664239034
19,R-HSA-156580,0.0008067094752429208
1192,R-HSA-209776,0.0008056360549138238
1032,R-HSA-5654712,0.0007974735662476935
1266,hsa.let.7g.5p,0.0007906895488607309
1325,hsa.miR.194.5p,0.0007889099284208594
1322,hsa.miR.191.5p,0.0007849699747263609
1371,hsa.miR.342.5p,0.0007794540688337293
1158,R-HSA-8866652,0.0007780906075822713
1129,R-HSA-8934593,0.0007695235355640762
1243,R-HSA-1296072,0.0007612996927491622
1265,hsa.let.7f.5p,0.000760746697127009
645,R-HSA-9031628,0.0007604518061270938
255,R-HSA-9749641,0.0007567301823049395
291,R-HSA-9637690,0.0007563984710031946
297,R-HSA-210991,0.0007534938556394385
63,R-HSA-73884,0.0007525657484923916
1075,R-HSA-389957,0.0007509381349033599
173,R-HSA-2404192,0.0007431836293108063
332,R-HSA-372708,0.0007371559131570393
1221,R-HSA-2029485,0.0007364259688377691
329,R-HSA-186763,0.0007256984633083144
23,R-HSA-9609507,0.0007213889667279243
867,R-HSA-4641263,0.0007211797364410206
275,R-HSA-1428517,0.0007104729731508997
972,R-HSA-181430,0.000710285163950175
762,R-HSA-112043,0.0007100256501871627
1184,R-HSA-75815,0.0007061388285364955
696,R-HSA-9609646,0.0007015878099385493
2,R-HSA-5668914,0.0007012413205908767
24,R-HSA-1655829,0.00070073841343401
1395,hsa.miR.490.3p,0.0006981484392175238
1133,R-HSA-211981,0.0006942278994150305
1414,hsa.miR.548b.3p,0.0006938512677152175
1415,hsa.miR.548f,0.0006917026297742268
1417,hsa.miR.555,0.0006911457846096406
41,R-HSA-6791226,0.0006910850061103702
1373,hsa.miR.34a.5p,0.0006868694980463867
1029,R-HSA-5654700,0.0006848971506163555
1309,hsa.miR.148a.3p,0.0006834450279560163
812,R-HSA-1963642,0.0006803564404738912
1010,R-HSA-8854050,0.000673227610483688
1409,hsa.miR.520g,0.0006717418485398715
121,R-HSA-73886,0.000665452402123871
674,R-HSA-73762,0.0006634494312796354
693,R-HSA-450282,0.0006570359259361187
1320,hsa.miR.18b.5p,0.000654526751410837
860,R-HSA-71406,0.0006528749096711787
1031,R-HSA-5654706,0.000651682133563251
1303,hsa.miR.140.3p,0.0006500994930320303
1439,hsa.miR.660.5p,0.0006489657315493484
556,R-HSA-190236,0.0006441149984311778
1456,hsa.miR.941,0.0006404975938494317
1432,hsa.miR.630,0.0006382165137135113
633,R-HSA-199992,0.0006376950310368557
530,R-HSA-113418,0.0006369950715452433
435,R-HSA-75893,0.0006283615858895549
994,R-HSA-8851708,0.0006259474301865945
223,R-HSA-380287,0.0006245850784277233
981,R-HSA-383280,0.0006173810565087478
989,R-HSA-9662361,0.0006132404594003068
358,R-HSA-1483255,0.0006089991775904007
309,R-HSA-1236394,0.0006086371555284132
1306,hsa.miR.145.5p,0.0006054853007905573
1401,hsa.miR.509.5p,0.0006032973961434134
882,R-HSA-9660826,0.0005999878553363184
448,R-HSA-5617472,0.0005823932290392501
1445,hsa.miR.711,0.000581296665783763
194,R-HSA-69206,0.000575562763697235
7,R-HSA-1483257,0.0005668886553015303
1348,hsa.miR.23a.3p,0.0005662877381837461
1347,hsa.miR.224.5p,0.0005653693990628502
1365,hsa.miR.320e,0.0005589582022366812
966,R-HSA-421270,0.0005577224254466273
1336,hsa.miR.205.5p,0.000554266791975048
1310,hsa.miR.150.5p,0.0005442753499664832
577,R-HSA-69002,0.000538331982291614
1009,R-HSA-69052,0.0005357162814107142
1312,hsa.miR.154.5p,0.0005348983242887092
85,R-HSA-2029480,0.0005301989138085143
1287,hsa.miR.1280,0.0005231916719518874
752,R-HSA-75892,0.000517906774499958
906,R-HSA-3299685,0.0005069579852109503
1354,hsa.miR.296.5p,0.0005025978073035731
878,R-HSA-3000480,0.0005024459757502578
744,R-HSA-391160,0.0005018230317242948
320,R-HSA-5663220,0.0005006200681236805
1453,hsa.miR.92b.3p,0.0004963380664624613
1441,hsa.miR.663a,0.0004821955745796913
1383,hsa.miR.4286,0.0004722378694774913
626,R-HSA-3371497,0.00046997380698788526
1281,hsa.miR.126.3p,0.00046942794715505444
1353,hsa.miR.27b.3p,0.0004686362793108856
1023,R-HSA-1250196,0.00046294327545031897
1302,hsa.miR.136.5p,0.00046194689295286174
773,R-HSA-9660821,0.00046004792384337636
137,R-HSA-199977,0.00045744374498705537
1350,hsa.miR.24.3p,0.0004559880395390792
803,R-HSA-8853659,0.0004535337212928425
1389,hsa.miR.4516,0.000448890282617261
1341,hsa.miR.2110,0.0004476322357125658
637,R-HSA-1980145,0.0004429910205847894
1324,hsa.miR.193b.3p,0.0004380601974844467
1202,R-HSA-72695,0.00043418451605248265
1451,hsa.miR.924,0.0004328574185516724
885,R-HSA-2122948,0.0004310187017836142
1423,hsa.miR.571,0.0004245609628166373
1381,hsa.miR.423.5p,0.0004206895564796772
1110,R-HSA-141430,0.000419383034159182
1087,R-HSA-1502540,0.00041768650892966736
1362,hsa.miR.320b,0.00041648873818000233
1053,R-HSA-975163,0.00041612185353490837
458,R-HSA-202430,0.00041282331015584837
423,R-HSA-9018519,0.00040838910742119574
1248,R-HSA-69601,0.0004062115552490771
1223,R-HSA-912694,0.00040448277237980314
1367,hsa.miR.339.3p,0.0004033939104904979
180,R-HSA-389513,0.00040233837135019714
725,R-HSA-1226099,0.0004007591351789112
1278,hsa.miR.1251,0.0003930909096804195
429,R-HSA-389948,0.00038557823354494757
481,R-HSA-9663891,0.00038458743517063947
1034,R-HSA-881907,0.0003810700161920977
1434,hsa.miR.642b.3p,0.0003806833265722768
1291,hsa.miR.1289,0.00037334718884570367
1148,R-HSA-420499,0.00036688984952585696
522,R-HSA-9759194,0.0003655464858638879
1358,hsa.miR.30c.5p,0.0003637203699023909
160,R-HSA-112399,0.00036256662157635824
1379,hsa.miR.374a.5p,0.00036203218975667064
1374,hsa.miR.34b.3p,0.0003575246362818992
1144,R-HSA-5358752,0.0003574282617288797
361,R-HSA-6803157,0.00035492196487515076
1370,hsa.miR.342.3p,0.0003540928221449728
1263,hsa.let.7b.5p,0.00035134146264681476
156,R-HSA-109581,0.0003483471688620436
1457,hsa.miR.99a.5p,0.00034448240069574846
689,R-HSA-168176,0.0003440708046885751
1443,hsa.miR.671.3p,0.0003421684265655737
323,R-HSA-69620,0.0003421612103314449
683,R-HSA-77075,0.0003358949189229558
298,R-HSA-418346,0.00033457459673324287
1400,hsa.miR.505.3p,0.00033318610686213407
541,R-HSA-167287,0.0003329384834311592
1275,hsa.miR.1229,0.0003322604716307372
1435,hsa.miR.649,0.00032745219502127533
1385,hsa.miR.433,0.0003251853447106138
322,R-HSA-69618,0.00032206371530871063
1002,R-HSA-442982,0.0003198521118974895
1448,hsa.miR.873.5p,0.0003160573352791592
787,R-HSA-418217,0.00030682866672577803
834,R-HSA-427359,0.00030509529512225223
1280,hsa.miR.125b.5p,0.00030221232130619075
1359,hsa.miR.30d.5p,0.0002948648332145846
1416,hsa.miR.549,0.00029042847754681136
840,R-HSA-68616,0.0002858912441524808
514,R-HSA-9013508,0.00028096565535330834
1377,hsa.miR.362.3p,0.00027983379950455853
1316,hsa.miR.181c.5p,0.00027919790935205434
313,R-HSA-983695,0.0002784331826357326
1437,hsa.miR.654.5p,0.00026892288788076256
302,R-HSA-157118,0.0002647635948960669
1272,hsa.miR.1182,0.0002630011011509244
497,R-HSA-1980143,0.00025667071910599287
148,R-HSA-425397,0.0002531481070946029
1328,hsa.miR.199a.5p,0.0002529860233456323
300,R-HSA-9659379,0.0002470008399541257
1384,hsa.miR.429,0.00024597864457973626
373,R-HSA-5693571,0.00024170651104213903
651,R-HSA-2559580,0.00023815807016944746
1406,hsa.miR.518f.3p,0.0002305923197127413
1399,hsa.miR.501.3p,0.00022593494528943363
362,R-HSA-381426,0.00022504157398846777
1340,hsa.miR.21.5p,0.00022237947532630642
1271,hsa.miR.10b.5p,0.00022118730427109768
147,R-HSA-6811440,0.00021801431864029535
768,R-HSA-112314,0.00021615568002744112
1285,hsa.miR.1273g.5p,0.00020576990958337166
757,R-HSA-8863678,0.00020419603800595116
1343,hsa.miR.218.5p,0.00019480790745850148
325,R-HSA-3371453,0.00019150371384360672
1147,R-HSA-3560783,0.0001910748687805608
786,R-HSA-400508,0.00018353733272912602
1282,hsa.miR.1260a,0.00018250456411503062
431,R-HSA-198933,0.0001804495339759645
1292,hsa.miR.129.5p,0.0001786163196356938
1288,hsa.miR.1281,0.00017809569156573463
681,R-HSA-75953,0.00017113029104317927
1296,hsa.miR.1304.5p,0.00016641294035556106
1216,R-HSA-9694614,0.0001648815651909293
1304,hsa.miR.142.3p,0.00015818710559566777
1450,hsa.miR.889,0.0001577918985958604
210,R-HSA-9705683,0.00015682151308737957
1091,R-HSA-351202,0.0001522324851976009
900,R-HSA-416993,0.00015201676596916515
732,R-HSA-9664433,0.00015088219992852222
1198,R-HSA-156827,0.0001467081840625421
1387,hsa.miR.4488,0.00014114409229174876
1241,R-HSA-416700,0.00013466525219882897
263,R-HSA-1296071,0.00013248770646896447
1386,hsa.miR.4454,0.0001293199172475094
400,R-HSA-166016,0.00012774502357615347
936,R-HSA-1606322,0.0001220251157671252
166,R-HSA-186712,0.00012129130059292947
1297,hsa.miR.130a.3p,0.00012087944669474382
1062,R-HSA-202131,0.00011943915980433909
1342,hsa.miR.214.3p,0.00011241878561728906
992,R-HSA-203927,0.00011143641652324731
1433,hsa.miR.636,0.00011072305881801489
854,R-HSA-6788467,0.00011028135213564383
51,R-HSA-1614635,0.00010927647414670598
707,R-HSA-2871837,9.991983409539292e-05
746,R-HSA-2730905,9.732002999953692e-05
999,R-HSA-2032785,9.205666916898281e-05
94,R-HSA-5693565,8.851850683034475e-05
54,R-HSA-196854,8.497619818020515e-05
1313,hsa.miR.15a.5p,8.13231527975707e-05
774,R-HSA-977443,7.698067229284788e-05
887,R-HSA-2691232,7.670260101804161e-05
501,R-HSA-2644603,7.544673044321826e-05
99,R-HSA-8878166,7.486251380820856e-05
1392,hsa.miR.454.3p,7.331936882716642e-05
1337,hsa.miR.2054,6.99132349533708e-05
1160,R-HSA-389960,6.828100024212821e-05
862,R-HSA-2173782,5.908895253317799e-05
169,R-HSA-199418,5.822043275808634e-05
1270,hsa.miR.106b.5p,5.265293618019011e-05
662,R-HSA-3928664,4.867067358039397e-05
1412,hsa.miR.548ac,4.049420646576133e-05
1391,hsa.miR.452.5p,3.673418300422782e-05
47,R-HSA-2151201,3.094295943431765e-05
236,R-HSA-6791312,2.9861073907492635e-05
1422,hsa.miR.568,2.7818918556477002e-05
1375,hsa.miR.34c.5p,2.3428898953170573e-05
191,R-HSA-6806003,1.9790454676164396e-05
155,R-HSA-8955332,1.4718918748712895e-05
48,R-HSA-9748784,1.463981528407506e-05
1403,hsa.miR.513c.5p,1.3383187645388262e-05
1321,hsa.miR.190b,1.0598646497328446e-05
353,R-HSA-6785807,3.947167834894572e-06
1388,hsa.miR.450a.5p,2.0187396662170915e-06
1329,hsa.miR.199b.5p,1.5378629219261105e-06
